title,link,published,source
Topological antenna could pave the way for 6G networks - Phys.org,https://news.google.com/rss/articles/CBMie0FVX3lxTE1tVnlvbk5kUzRLcEtBd054VkJuSEkxalA4ZTRsdURCUmtYemtfNFBzQTRQOWlMblYzd245eElkdndhVHZhU2p5bERpZzdDVGVaWk9KakFGN2phMXdob0NfbWZXSDQ1VjVqdXgxbmVnQ1ZSamczOVNqR05vQQ?oc=5,2026-02-08 18:40:01,Phys.org
Cone of light: Notre Dame team develops a new terahertz antenna for 6G - Fierce Network,https://news.google.com/rss/articles/CBMiogFBVV95cUxQYjZodEc4UURSYlZ0ckNPaFNyWXU1WG12di11SUg4dU1yUHBpSDZKVjFGeVdRc2U0dWY2WV9xajc5ZDBubGhEMXNEWk1oa2syeXpJQlVuSnRiQ1VGbmFWTnpVaUw0TFlfQmF4VnlSeWJqeWEybDlhYXhxMkFncWdVdjl1ZnQ3QWZuckZWWkVmXzhQNjdiNGhvS0VXYzBLQ0V5WlE?oc=5,2026-02-13 20:50:00,Fierce Network
Spin-wave band-pass filters for 6G communication - Nature,https://news.google.com/rss/articles/CBMiX0FVX3lxTE1CR0oyM2RLOWR3SVlVT1BtY0dKMWk2N1RfSjl3ZUZfQUNfdFlQV216TE9kUV9zMkpZNXZGV1NfZlQ0Z2o4Q3BCSURvMHBhYnpvYUVPZGdGZm5wXzJLenFj?oc=5,2026-02-04 17:03:45,Nature
Winning the 6G Race - CircleID,https://news.google.com/rss/articles/CBMiWkFVX3lxTE1zN1R4UWRENlRyVWY5Rkc3WGJtb2ZDdXh0ekEzcG96MXZzZmc1MFZxejY5ZnJHaE5ZenlrdjJKdTFuNzJWM1JRRE9MTW93dmtYS1VUajRsWnRCUQ?oc=5,2026-02-12 20:41:48,CircleID
"It's time to think about 6G – yes, really - Light Reading",https://news.google.com/rss/articles/CBMiekFVX3lxTFBoYktEbGw0VkgxSHBLQlZ0dWp1eTVOSWNwV0J5UzNxZ2tTUS1pN1pwNU9vZ2Z1enYwUmhoWFVteHZ6U2NxNUVCUVk4VW1FTGp2bkZzUUQ5ZWxQQ0VCV1NlS2RPaGhYWjAzcHRUdldSSm9qbkp3QVprSkln?oc=5,2026-01-26 08:00:00,Light Reading
From 5G to 6G: how AI is shaping Vietnam’s path to digital leadership - Vietnam Investment Review - VIR,https://news.google.com/rss/articles/CBMiqAFBVV95cUxQWUJlWm13eFBtQVZnZWxWRG94dUJubFk2TmR6NjVOb0RBQjZMTFlfNDBXZEV4NVQ5MXpyamdycnJvMUJQXzU2SFdqQjhOeHJoX3ljbnMxUGdoaFBpbUtackc3VVdNZ2xkMXdPdDJzcTQwM2V1YjZNWk90b3IzMWU4ZW5YdVRmaG5UZHFXUzl3VXZ1VktBUWpINnRFSWYxaEFlRkM2VEp1Mk4?oc=5,2026-02-13 03:59:21,Vietnam Investment Review - VIR
Shanghai's 6G hub: Where innovation takes shape for future - People's Daily Online,https://news.google.com/rss/articles/CBMiZEFVX3lxTE5hM204M180RWJWTGdTZ212MmJVWFc3ZmJRQXpUa0MwYVN5RUN2Z3BYek85UmdFZkpJNnFMWkM1alF5WmNlNURSM1NOUVkzUXNSOXlYczBFUFdsNUc4eS00TC04UWg?oc=5,2026-02-12 07:32:00,People's Daily Online
Webinar: 5G Patent Leaders and the Road to 6G - IPWatchdog.com,https://news.google.com/rss/articles/CBMiX0FVX3lxTE1KS3RWSHlxaDdoN2hVUWpWUWg0aHAxSmYtYmtwT0JzSDRlaDZLektoN3F4c1dRYlBVSXF0Q2pPZWRnT1lPVEI4OG9VSFRwQ0N4UFpoUmJDYUFqRzFJeG04?oc=5,2026-02-02 20:15:42,IPWatchdog.com
"GBS 2026: Fastest 5G Rollout, Indigenous 4G Stack; India Is Ready For 6G - 5 Key Takeaways From Jyotiraditya S - Times Now",https://news.google.com/rss/articles/CBMikAJBVV95cUxNdW9hZUlVeklIcTB6MFFGUm1IQWlGVXdaQVYzM1ZZRGlNak0wZWVlNy1qa001YkI5ekprWFRsQWNJVFpLV1ItVlREYjlmWDk4MUdvak1JbWFxcGowT2NoRnlVak9FOGFEMkVVWEJXY2ZlR3JvQU1OV0hwV2pVMTZXRXpaMXVhVDdsY3ZqY3JDcURMVXdiQ3VCM3ZXUEpCQjdNUWFkU0hBWkVxZzhaa3ZhSldQVXc1ejFHYjVHbElIQlk4d0cyeHlRd0JTNmFwbmNOOGJSZkFVVGc0bm1Ebnl5UnlraHZXUTgyRUxSam8yQ3V2aWliZzZSYlA1RE92Qno5T3lVcHlBN0tycXc5dGo4eNIBlgJBVV95cUxPSE5obEhOUU95VW0yRnpmamE1Um45MTM3OV9NZmxqY0xjQ2U0bUdLZUFpRXJyNkJEemtrTGJHdllzLUVlTEd3WTE5QkdJSnJiMi1sOF9EWEd5WElBNk5nSExVTHh1OENDTTh4Qy1KZlU5T2MxWTZvUGFpYVAtNkY2dnZ4SWx1VVFna01UcmFKQkhOU1oyVms1TldjWEwtWm5JR1BLYXM4NnVFZEFHRWRXazM3Sl9QRWxOOHZnVmlGaW1maGRZMXhtSlNWQ2M4cDV2VHZmdkZNYklEU3FyV2d0NjhHM3lZaTlCTEFWVnZ0WERTYVo3UVRBTTNtQUYtRk1CY0FLblhSWURETTJGVnktRDB2MzhVQQ?oc=5,2026-02-14 12:19:07,Times Now
AI + Mobile Networks: Intel Showcases What’s Next at MWC 2026 - Intel Newsroom,https://news.google.com/rss/articles/CBMinAFBVV95cUxNbjFhUFBDNVNOck10LTcxMVNXa1RNYnlZY0VoUFpTamRwcjRvdWw0X3luTEwzZDhmMjd6ZGZvT0ZtekJiU0VWRWdyTVF5NXJJVXp5dTRGUDNJc084cDJxU21iaUpDWW5yRTJWc2hiQm1CRUp1Y1FKSEltODFPMjdoNEhucGxISllaVGVXRjBmVElHZTN5ZXBxbUJacDE?oc=5,2026-02-10 19:42:17,Intel Newsroom
NVIDIA and US Telecom Leaders Unveil the All-American AI-RAN Stack to Accelerate the Path to 6G - NVIDIA Newsroom,https://news.google.com/rss/articles/CBMib0FVX3lxTE1ndHBBdlZrWjk1eW1nY3NMVXJZQmtBR19pRVhUVDh2dGVGYkg1WlZKaU9PVlNoNzMySWlpRDlrZUpnR1A4WHJFMjhNV1FlZ3VSVHgxQTZKdUhwRmJ4OEEwX1MtblNmT2t5OFFTREpXVQ?oc=5,2025-10-28 07:00:00,NVIDIA Newsroom
"Anritsu Launches New RF Hardware Option, Supporting 6G FR3 - ELE Times",https://news.google.com/rss/articles/CBMiiAFBVV95cUxQM2Uybkw4QnpGUk9fRlUzaHpqNzZqRm1zb0E1VnNTejFlRW9YbXhRTW5MQW92UkV4bjA1UmF1VUlYXzlib2RTS1ZsMkZpU1dPUHlxbmxjQ2lNak51NWlrbXZMX2VZbC1jU1p0aWVwdVcyMXJSOFFJRHhod3NvT3JXYUNKbVpIeFI1?oc=5,2026-02-11 07:27:34,ELE Times
Spectrum decisions shaping the road to 6G - Nokia,https://news.google.com/rss/articles/CBMieEFVX3lxTE9UNzIzZ1lVc2IyMUIyYWh5d0JmMEFUYms1a3ZqY19kVFlTR1lIYk8tQkxlMkthYml2ZlZCQlFscEJKQUxtN1NoLTBZNm4zWlJYQWxlb1hNQmItd201R3BsTGVzZ0xJMjBUVGpqVmhBZ3FDcWZjeGo4eA?oc=5,2026-01-16 08:00:00,Nokia
"T-Mobile US touts 5G FWA broadband as counter to AT&T, Verizon fiber focus - SDxCentral",https://news.google.com/rss/articles/CBMiqAFBVV95cUxNM2Y1UkhCWkVPUjU0bWNtMGFCZ3o0UGNhd1V6Y1BZN1RGS1I3dUEzUGVWeG1fOUJZTzVOQkdPQUdLQ3l5X1dJSEZXZmJBVF9Dc091VUhhN196ZjIycjR1RjZVby16NHRUdmtiY1d1TGdsTW03cEpKbFQ1MG5ZTldSWWhJSU5hSllPQVpPRmJjdEswYjJCZGNKMUtFemJYeUFma2NnYkpxZnE?oc=5,2026-02-11 21:27:45,SDxCentral
Opinion: The size of the 6G wave - Fierce Network,https://news.google.com/rss/articles/CBMibEFVX3lxTE9qMkUxU1hsVlhhbHhBYkw5dEJSaWVOTFlHVkIxR0NuM3M5UGVVRzBSd25HUEtRNWlXQnVQNUM1cFZNR1Zac3BWY3VZd0N0Sy02RkVlZ29KWGpHYnlvX1VlVWo1c0hFU3BLZ0lhVQ?oc=5,2026-02-10 15:44:13,Fierce Network
"Looking ahead: Ready or not, here comes 6G - Light Reading",https://news.google.com/rss/articles/CBMifEFVX3lxTFBoN2tQMFJvZ1BKSEpkNnpRRUFpY2tiYzZWT253dDhyNG9YNnc4QU1TWURvQUp2dWhNTkd2ZGN3LWVRaFYxQmRPQzVrZGJmNTFaaHY3YmdJdHc4VzJMTzFRT2JpYUFLYUo5T0JyRktKV2JiZk84WkQ4UVp3SEE?oc=5,2026-01-02 08:00:00,Light Reading
What on earth is Giga-MIMO? - Fierce Network,https://news.google.com/rss/articles/CBMia0FVX3lxTE1zRVc2WVBlTUlBeENaejh2YWNLejJyMllLTFVLaEctRlltMTZzOFlfN2QzU011eFI0RVUwZllYQWhod1NEV2hXMG1jQjUzODVSRW9UckdjLS1UdTdkYkZNdFZKSTFyM2hRMGVr?oc=5,2026-02-12 21:44:44,Fierce Network
Cohere Technologies fights to keep 6G doors open for something new - Light Reading,https://news.google.com/rss/articles/CBMinwFBVV95cUxOaXFabjZPUnk5N0VXNnpxWWlGZzBkZGJxa211WVNsSEVwWHg0cFo0ZjFDMzQyN1FhRGNUeWR5OEtUSGltak95dDEwTWVCZ2RMMTRiQ1laN2RqOUN0dmlBN2YtYURNaHU5VlIzYnBQcjJha190TW1kTDVXWnA3dDM1bldDOVY1ZUtXRWtYWmRZbFM2RURIc0F3YzIya1BFTFk?oc=5,2026-01-30 02:07:52,Light Reading
Trump admin preps spectrum for 6G - Fierce Network,https://news.google.com/rss/articles/CBMiekFVX3lxTE0zZEV1bTg2N2pPYVF5aFJSak9vd19rYUNWRkYzOVRWWWNWTHhZc0tLa1J6NGl3X0FIa2VRT1ItbmFKajAzUDZtU2RIRkQ3Yk9SdzB0bkJ2ejBTanc1NS1FZk1CTXprblpJeE1zbzB2Nng3bU9WbUVDLWZ3?oc=5,2025-12-22 08:00:00,Fierce Network
AI-driven wireless: From 5G to 6G - Fierce Network,https://news.google.com/rss/articles/CBMiiAFBVV95cUxOa2hDVDItRzhPQ21QYllGTS13QnJIaGtKQ0ZsUkxnTThPdmc0ci1kOTE0dDl3ekx6RVU2WFZpRm9ZQTNwZ1lPUUd2dmxRc2VGSWR2Tk0xRGhVVWxGMFFmSnVwdTljMnZqZTZPek9FNzRyLWtDQWwxR2lEbXZaeXpnMWh4ek16QVBY?oc=5,2026-02-02 18:59:50,Fierce Network
The 12th Brooklyn Summit marks a tipping point toward the 6G era - Nokia,https://news.google.com/rss/articles/CBMilwFBVV95cUxOY2xlNFlPYXRTQlY2WHdYQjIwLTlyWmZrRzZYYzJ4enM5MXphaU9HWHFPM3ZOenlMTUhzeFV0emZRd3QzNXpxSzYxbnpDNkJ3bGNBNTlrcVlNeXVrbHlZNkY0aWVWQzVsODNDOUpqWlViRVRvRkM3bXVfSmRPeWM4TG5hX1p0c2kyOE9BTXJwbVFXQU81bTVV?oc=5,2025-11-10 08:00:00,Nokia
"Tech Group Says Seamless, Widespread Connectivity more Important than Speed for 6G - New America",https://news.google.com/rss/articles/CBMi2gFBVV95cUxPeFhXV3J4dWdzMV9Id0RxaktiRW5ET0lDWTBTeVFWRHlqY0piZUJFc2gxU1VFZ0E5Q2pvRWpzR0dyeGE3LVNEUmI4M054bXNEN1ZpNlRVaGVFLTlaWk15eDZQOER5TUp6Umg3WDNSU2YtN3NMNG1QY0hhRGJPcjBnMFlMUzM0RFBUUU1CMlFZTDAxX1dXUlgwSTNwbHlRVzRsVGV1ci1oQk5zaXAwQmJ1NUZNNXpNR2VSaWZjZTVEMjBGNEVneTJ6Vy16WHVDdkNnVWVuaXViVkRBQQ?oc=5,2026-02-03 08:00:00,New America
6G conditioned spatiotemporal graph neural networks for real time traffic flow prediction - Nature,https://news.google.com/rss/articles/CBMiX0FVX3lxTE50R3pNdmdqQ0JIMGtOVDlCbGNId3RJSmo0Tm5IVUUxTERLM2ZHUi1qS2hYV1ViR3QtNXhpSldNNlo0cUI5OU9ub09MN1RQM1kzMWVTNzZyQmVNaGJka3VV?oc=5,2026-01-28 08:00:00,Nature
"Open RAN Forecast Revised Up as Expectations for Future 5G and 6G Deployments Increase, According to Dell’Oro Group - Dell'Oro Group",https://news.google.com/rss/articles/CBMitwFBVV95cUxNNnlpMnlYTFg5SjhXT0xXOF8wbTFiUWhURDJmSjgwdWpMc0szWENSUDYzLXI2OWIyTHBtOXpTdHFQSzcwaGg3bFRJUFozcjBodjYtblhhOTN0ekF4MXYwZTVobDZWbmt6UUVBdUFoa2RNN1JDamRUSkxKcHRtcmpCTEZoTWNiQ2pvbjN2YTlaUEpNZkNSb1haZHRhbjNuazRaX20wUzBsU2RscjF2Y1RjS1RTQ0NDbjA?oc=5,2026-02-06 13:00:11,Dell'Oro Group
NVIDIA Open Sources Aerial Software to Accelerate AI-Native 6G - NVIDIA Blog,https://news.google.com/rss/articles/CBMib0FVX3lxTE9oYmRsMks4TEJqaHN3VXJyUFZaY2h5UjFOWk0tcF9PVW1SNFZNLS1IY19GTmktZFowSlVkLU5vc0xIdU5xa1pnV3lpV2FMcEVyTjJrS3IxNVo1T252ZTQyRlZCbXMxd2ZMSmNCVzFZaw?oc=5,2025-10-28 07:00:00,NVIDIA Blog
"Team Debuts New Approach to 6G Wireless that Offers Speed, Reliability and Scalability - UC San Diego Today",https://news.google.com/rss/articles/CBMid0FVX3lxTE02UURncVMxcXhfaUZaaUVyaF9DMVlUQnBaNnc5cmtFSm5vSVZMOVJZaW1ndmFvX2dyTEhQVFJFOHhUb0JZbzJjNG9HaEowekNRdEZkbXVwOTJBRFVwVzNna2xEM2RVYTFpbW1jTTlIWm1DdkVJWkhv?oc=5,2025-10-29 07:00:00,UC San Diego Today
"What 6G Should Be: Ubiquitous and Seamless Connectivity, Not Just Another “G” - New America",https://news.google.com/rss/articles/CBMiaEFVX3lxTFB0Q0hGUDBkT202SndaZWRwWEpfVld0VHFYeTdHc25wRkNlMzc2c0pCRzZlR1BmT1dyeFQ5QnZjel96Q0cxbGFqS0lJYXRuNWxubmRXdE54WUhGdGRDcF83SWVLM0MzYlFy?oc=5,2026-01-22 08:00:00,New America
"6G Capex Ramp to Start Around 2030, According to Dell’Oro Group - Dell'Oro Group",https://news.google.com/rss/articles/CBMickFVX3lxTE1Hd3VaT2FpLXNmM3liZkxCNW5ESDNROFFnQVRpUzlDdk9HTXRMdzNmUUxQcWc0NHlmQVBJR3Z1U1hqd3cyQ1M2ZFJQNzgzcFBRaXFCbXVHYk5PaW94eW8tdjluZ0xCLXJuUGxUVV9nc0dWQQ?oc=5,2025-10-28 07:00:00,Dell'Oro Group
Graphene based terahertz MIMO antenna with machine learning regression for 6G communications - Nature,https://news.google.com/rss/articles/CBMiX0FVX3lxTE1sVWpPUGNsdjRXYm9FN2RLTVFuV2NvUjBVcEgtNHVzdDlWV1lsRHplTzloNTNtZTR2dlBtalVnbWp3Nnhla3Rpdk5xdHFJTTdBRUhyejhMeHczdVVEZDdj?oc=5,2026-01-27 08:00:00,Nature
Movable and reconfigurable antennas for 6G: unlocking electromagnetic-domain design and optimization - Nature,https://news.google.com/rss/articles/CBMiX0FVX3lxTE5aUzFKYkRFcWlYVkJsUU1IUWx2LXZ4ZUVRZE9oZG1DQWRMNXpURzByYms3Z2pNYmFXclJsSDNrbnJoY2VaS2ZTcmNTS1REYmFrTUpndmNYRjVSWnpTbGRZ?oc=5,2026-02-02 08:00:00,Nature
How a new terahertz antenna could unlock one-terabit 6G speeds - TechSpot,https://news.google.com/rss/articles/CBMilwFBVV95cUxObTFudlJVbFE4Wjlod1ZvUTUwTXJzelRyZzRhTDJnZGxOWVhaTnFyUDNDR29BSUJUODZMUm0tclhta1JUVWJYb2ZESmp5SUxCQm1sdndTM1BfVzU1MUlxaXk4ZElibHZtVHBWSUc0SG5SWEptN2tIN0ZVVFNCYUJjZmkzYkVyc2NNYjRySGgxSlpkTFJTSnJJ?oc=5,2026-02-10 14:04:00,TechSpot
2026 is the year of 6G slop - Fierce Network,https://news.google.com/rss/articles/CBMiigFBVV95cUxOQ3VqY2tlS3ZDclpyN3RlUU1lYUFXNU9mOUdPMHZ0a3V1dko3WlQzOHRZOEhkcC10RHVFQWFRQjN0QTlXaUFmSW1Bb0hBQnBMSzVycXdXOVVqYkp6MDlqQy1WUnRmTUNzLTJzMlhhOHN0cVVwSkpGNHRydEpFeU1wQzNaQ1MzbDNPMlE?oc=5,2026-01-07 08:00:00,Fierce Network
6G Market Surges to $110.46 billion by 2036 | CAGR 46.0% - Yahoo Finance,https://news.google.com/rss/articles/CBMieEFVX3lxTE5KWVdad3VZX2p4RF9id2tEbXAxY0pHZjh6NmxQZDhQd2xoMlh4Sm14ZzBydkFpekE3RDktVTR2OWNlLXVtTXNVSnU3M2gtNk9lWVVwckU0bk9IYk9GOXFEZ1VyRnJJQjhURTFHWm1XWmVMOEFQaHBydg?oc=5,2026-02-05 08:00:00,Yahoo Finance
6G just can't seem to get its story straight - Light Reading,https://news.google.com/rss/articles/CBMiggFBVV95cUxQM0dUakFlaGFBS19EV2VTYnNQUm52eDZNNVQ2aF9MaGkxbEhhSVpXR0lSZTZlMF8wc0VBUXdMOExYUmQ2M3BuQ3RGcGdzYmdfbGtxRFI4WmNRU01wR2xBMWRYNzdMWkVCbnRTNGRuMEozbDVBeVVMNE41YUl5UVp4X193?oc=5,2025-12-02 08:00:00,Light Reading
Chip-Based Radar Boosts Next-Gen Wireless Networks - Mirage News,https://news.google.com/rss/articles/CBMigwFBVV95cUxNRTJkRWE4M1RpWGcxY1VmblVjWGZQaWlxaDhnNmhhbDNSUGttTmFpck1TX09YOUFCbFg3NFdoY3ZZQzRsQTVSVnlCZHJTRnNtVkxMd2xnOUktMnBuOHlwSTN4aUtMcVlRTV9neWppeE5tX3R5ZHZDcEg2aGsxT040bjJVQQ?oc=5,2026-02-14 01:02:00,Mirage News
Verizon Leads the Future of Wireless with Development of New Industry 6G Forum - Verizon,https://news.google.com/rss/articles/CBMinwFBVV95cUxOR1pmNHFsMUFtaE1QRHk0Q1JUSS15YkN4bEZXaTJvellPQ25uVTJqUkRuWVhqOGtzMWdUamFpaU5WckxzbFRpZVZsTFdBUWt3ajhPaks5bzZucDlYS3ZoZks0ZFlkOGpjV2ZLTmVpMk13RGt3bVJZS3ZtZUpjQThYQVRDZTFLRGR3V3oxZV9mdGljeExPM3NyMzNHUkc0R1U?oc=5,2025-09-22 08:00:00,Verizon
"Despite the hype, 6G’s AI impact remains uncertain - RCR Wireless News",https://news.google.com/rss/articles/CBMiY0FVX3lxTE1tM3VscWJGQXRSMDhILUR4ZG82dy12Z3U3WHRYWHpfYU9VZTFmb3o5UlRGdW44UVhVSENmVGdRb0ZNbXVTQmwtTlRTb2lEczBadVlFRF9SVkZZckNGT3FVTmdwOA?oc=5,2025-12-17 08:00:00,RCR Wireless News
Article | Trump unveils next steps for expanding 6G - POLITICO Pro,https://news.google.com/rss/articles/CBMiowFBVV95cUxQN3FXSGtrSlNtMjg4LWR2eTQyOWRpYjRHaTN4VzF0NFZuVG9NZFRQM19KZ0FGeUNxb3dCaWh3ZGJDdktTUDg2cUFXT2toeUpyb092V3gxTEFPcjlZeVBta21LdktvalR3Q05FdmdIUzVBdG5VRHk5c0NRVW10ZUU3Q29DeFhEcmU0cFpVeXVJaGdfY0VUMGFpTUFwOFlURXJob21r?oc=5,2025-12-20 08:00:00,POLITICO Pro
Powering AI-Native 6G Research with the NVIDIA Sionna Research Kit | NVIDIA Technical Blog - NVIDIA Developer,https://news.google.com/rss/articles/CBMiowFBVV95cUxObUI5cUxzYVdzTU1vbHhIeF9wd1gxMmpZSl9oU3pmbkdPU0ZRdWZyaHJQTTJBeFVSOUZ6bU5oMGNEWXAtLWRabjQtMFZwMVZ6SHQ4cld6R2dCNUdsTnFyTlJfc0kwOTB5MUJyQ0l2UFE2MXU2RjlUSnBYOFZNR2N2Z0RnalFlLVo2VS1HdWVOMWtqLUktQTc3a0FlT3czSTA3WC1J?oc=5,2025-10-28 07:00:00,NVIDIA Developer
"US must lead on 6G through spectrum, standards, R&D – Trusty - Light Reading",https://news.google.com/rss/articles/CBMikgFBVV95cUxPY1ZVaVFBY2FoS0RscGRKNUg2Y2k4Um9IQ3o0Uml2YVBNeUNiSllBZURFQlJHYTFvVmFaVHpCOHFxZ3lUZFZ2YU9lZDZVdU04ZkF5TUUzWkJQd3Z0X2ZQQVZvT0l1TWZra3Q4UXJKbVFpSWlnM0lITXd0NjNzUTlJTnhxaFNyUUtkWTlSYkxNdkpHdw?oc=5,2025-11-10 08:00:00,Light Reading
Bio-hybrid 6G networks with synthetic biology-enabled base stations for energy-autonomous telecommunications - Nature,https://news.google.com/rss/articles/CBMiX0FVX3lxTE0wT3VwWU1NYUc3NVREZlZxRGZaekVXQWVFcm1FcURWcUx4eW85R3hfMy1mckF0dXJEalc4NEo4SGJ4U1VfM29tX0VuLWoxVTJmQUotREN0ck9Qbms0WTFF?oc=5,2025-12-15 08:00:00,Nature
6G discussions: How things have changed - 5G Technology World,https://news.google.com/rss/articles/CBMifkFVX3lxTFA3MjF5ckMxaXgyTzE5WUtub3lVd3lBOVNqcmU2RHlIRVplV24xM2hDZUhhdHg0RS1fVzZwX2UwREZIbkdoWVJTVHB6R1lnaldUb2QyV095MVl0SjF5ZVo1Skt2RjNsUnp6YkxOMkZfZmpnbXh1aHYzdGppQXZtQQ?oc=5,2025-12-19 08:00:00,5G Technology World
"Verizon launches 6G forum; it’s all about the use cases, CTO says - RCR Wireless News",https://news.google.com/rss/articles/CBMidkFVX3lxTE9JTXk5NDF3WmFiVUE2bEpaTndBOW96WjJ0TGxiSUFmR2RMUmgwak0tXzhpc25wSkRPNzBjMkx0YnpmSl9WSWdlcEZjR2stSTVObWtUSFNPWlQ2T1ZIb19nMzlORzZwVlFPN1dDaXlsSUdFcXRYQVE?oc=5,2025-09-22 08:00:00,RCR Wireless News
Improve AI-Native 6G Design with the NVIDIA Aerial Omniverse Digital Twin | NVIDIA Technical Blog - NVIDIA Developer,https://news.google.com/rss/articles/CBMirAFBVV95cUxPb0tsMGZ5VGFRcE5EZTZETHJTUEFxRzdpWjdMdmJFZVNFWWNKX2FQRjFWakM5WHBBOWtXQWxsQ2pQbGRYZDBhZ0t0cTdFWnRxbTF1LWZOLVdWMWwwc2ZWQTRNczFoOUt2d3FkZDFWaTAwaVZFRVRnX3RmU2poeGtjUXphSFpfWjlaMV9KOW50b01BaWJvcE1RMktYRE8xT1F5NndMTF9iZEUya2J0?oc=5,2025-12-09 08:00:00,NVIDIA Developer
How AI-Powered Wireless Networks Will Revitalize US Global Leadership in Communications - NVIDIA Blog,https://news.google.com/rss/articles/CBMiZkFVX3lxTE1uZWROTHcxQW1GMTFHSnJIRUtxcEdCUEpJU3FpMzlCR3ZSdUFoOElkeVVmT3hHdkpkSHFhQm9LdTYwaEoyclJrZ0dPV0lieTZ0YmZxUWFGRm5wdkFZLU9nQjBXQWdEQQ?oc=5,2025-10-08 08:00:00,NVIDIA Blog
What AT&T really wants from 6G - Light Reading,https://news.google.com/rss/articles/CBMib0FVX3lxTE9FODdtMUNfMG1pRFVLNnNEWXBwMklZakwtVDJJNjNIMDl5MHFXVWtDdndkV29NaEc4b1VSMHJIb0Exc180N1VkaUJka1pIcnUtWTJfbWtHNlh6Y0VDUElUcHdrMFlyRlR5dUR4dUpYSQ?oc=5,2025-10-15 08:00:00,Light Reading
"Samsung Achieves Another Industry-First Virtualized RAN Milestone, Accelerating AI-Native, 6G-Ready Networks - samsung.com",https://news.google.com/rss/articles/CBMi1AFBVV95cUxPNHFuZi16dDFkWEhMc3hMT2VhdnFacENQT01KUDNzeVAwcjh5VXdTUGM5LUdnanRDTGc3OTQzTW9QQktKYmJ6ZlRxeUwzU3VZODlGa09lV1hTQ1ByeGQ2S2wxeFV1b01kak4wN1R0T1kyTDhyVHBwTWpfUWY5ek1tcVZlQzNJZVJzTG4zNzhPWDNrbENhMWJHRjNmdU1aQVJ5QnpmazA4TTFiLVNIZUVqR3U2YnZycXJKSDZHc3l0dlFfUWt4NWZpYXpGTmluTFlJSXRsLQ?oc=5,2026-01-13 08:00:00,samsung.com
BRIN Develops Microstrip Antenna for 6G Technology in Mobile Phones - VOI.id,https://news.google.com/rss/articles/CBMiS0FVX3lxTE9ueUJoNFlVczdYRmliRl9CejRhZnREU2dMZ2JibTBMY0FTODRzVEpzbEFQQ2RzYjB2VF9mVC15SERjZHJLMDZ0UXBUONIBQkFVX3lxTE5VUjk1aHB6enZ5eHpKdjNaOGtSLWVlNl9sZ211bXNfWF9WRndVY1R4MlR2cEM2Ml9vVzNLYmRUMDRhUQ?oc=5,2026-02-13 10:41:27,VOI.id
Qualcomm CEO calls his shot: ‘Pre-commercial’ 6G devices in 2028 - RCR Wireless News,https://news.google.com/rss/articles/CBMicEFVX3lxTFBCVFhpakhoSEh5WDd0ZHpsMWNuSUFUMnM0ekFIcmRNMXJIaGg4LUZlZzUxbkliQTNaQzdPY0ZoanhlYk9VbV85RVhpYi1BbjNKcE9jTDEtV3NfdUxjTG9zWkFoTlNuN0Y5bTFtdlpxMFY?oc=5,2025-09-23 08:00:00,RCR Wireless News
"Physicists generate hybrid spin-sound waves, expanding options for 6G implementation - Phys.org",https://news.google.com/rss/articles/CBMifEFVX3lxTE4wc2dSd0VOaUcyV2JHdXRGaWlJQ1N4LTRlbzNtZGJCdmJoT0FXYWF5M21UaTkyMVRlNTg2c3RhZjBnRVdhX19xU3VfdC1KeWZEaUk3VlNxTHM1U0hHTG4wV2NxYnNjakRYVGxlQm13S1YxRnpVTUh2RE9PcmE?oc=5,2025-11-28 08:00:00,Phys.org
Capacity Limits in 5G Prompt a 6G Focus on Infrastructure - IEEE Spectrum,https://news.google.com/rss/articles/CBMibkFVX3lxTE4zZWgyeHFhWHlDbzEyeGNyRWVZWHBOYTIzeVQ0RzM5c2hWWnBHNERqSkZDOFVTMVpOMEdCUUJLcGNWbWVlV2RBUHI0YndTRTg3bHlxeWZvZ3U1Y0p6ZnZQWlNVWVVQb2JIczd6OThB0gGCAUFVX3lxTE9BVmNtaW85eXc0eTIwT2tIcDcwTk5PejlkcVgwbzYwS3RUbVc0OGpMZmtoR3pEdEx2cGNoNlV4RHdOLVJ1eTNKUVZ1dmRVbGEtZmFWamdoUkFuNUtTSVVMV3JnbXZCLWpvY2NsQlpVUHNmTkFqcjhkRW5GTjJQVEhQT0E?oc=5,2025-12-02 21:22:48,IEEE Spectrum
NTIA to Make the 2028 Olympics a 6G Testbed - Broadband Breakfast,https://news.google.com/rss/articles/CBMigAFBVV95cUxPSWRmREppUHlBQWpXaWJ3a1ZHVUo1LUlfbkVEcEptUVZ3c1FuYkZZR3N6b1o4eHB5LVpWdnNBbWEycnZNMUtWWWVvTXQ5TnYxbWRnQzJQZkhNX1N6TkxPZUNtcXJlX3J3WEFSQVlWRno0dmk3c2lxdmg3djNuQmVPbQ?oc=5,2025-11-04 08:00:00,Broadband Breakfast
Nokia Bell Labs and KDDI Research unite to drive innovation in 6G energy efficiency and network resiliency - Nokia,https://news.google.com/rss/articles/CBMi1AFBVV95cUxQTUl0ZU5IWGtabmxZbnBYaER2WEp4c2ZJYTVaejRXV1R0MTUtYVdCc0lWZzBJUGN1RnBYQ21jUkl3amhZVTRHWlliSjFyRUN4YXNIbmduUzJVNU1nMHlSUmUzVGR5bHhTVzlXV2FXRzdtSW8xNU5rOGQ4eXY5V0htMFIwcV82TDFKTWFTYU41NEljR3JrQk1VUTJwa0E2SGpBdFAwYVZPejgzMEpwOEFfZEkzdXBJOWhMZTJTUnl2cFk2d2JVTWIxaVBUd3FYaU9MZk15Vg?oc=5,2025-11-06 08:00:00,Nokia
A look inside China's 6G development engine - Light Reading,https://news.google.com/rss/articles/CBMigAFBVV95cUxOczBjTFdESzJtaUVkakRmZi0xUGVpaWljN00tbjYyTWlVOFJfOVczT19DaFpJRzEyN0ZqV0J3eUw3eUhLSDNCRkg4Umk0N0lPdnEtSkpMSUo5RlRONGdrQlBQYlRWS0M5eC1hNU80MkgwZHpJQWhUODg5a0QwaGpvcA?oc=5,2025-11-19 08:00:00,Light Reading
"The Top 10 Patents of 2025: Ubiquitous 6G Connections, Auditable Blockchain Transactions and Pest-Resistant Transgenic Corn - IPWatchdog.com",https://news.google.com/rss/articles/CBMi3gFBVV95cUxNTlI0dTF1SXRYTGcwaERlOUZUZnp4NmUzOExzVDlkRXNGWER1RERVYnZaZXhTcG5xWWdWNThMZVJ4MWRyeEJhMEtMN2RpencxdXUxWEJ1VkY4OHVMNm9JOEdFMm5odXhXM25rb2lpNFBzVTREZTNpSlVnclhuUjJfZldIRmdXOWhTbnpBYXdqVFRQV19aY3ZfS2JOZkMxNWtqdlJ6N0ZFRm4ySHBUUkYtajNIYXdGZUxNVHozOXY2U19HdG80Rll4Y0VBQ0tRT2tVTXJSVDFBd1Nac0lBalE?oc=5,2025-12-31 08:00:00,IPWatchdog.com
Ericsson launches 5G router for better vehicle connectivity - Telecoms,https://news.google.com/rss/articles/CBMilAFBVV95cUxQRDlMWWNwV0Vza3pzMFlJdzN3ZG1WMmFlbnN2UzRjUlAxeEdtNmRTUFNtdGhHRXlRT1ZycGJfdksybzBwOG5Dc19pWklLaU9IbjlDNVdNN3p6VUFXYlFCc2ZQSEUwZEtQZjlkREpnbEZtODhwbnNXdUpLR0FxWDc1a2JQMnhjV0l2d0FGZlc5RGd5ZWJB?oc=5,2026-02-12 16:30:18,Telecoms
Accelerated and Distributed UPF for the Era of Agentic AI and 6G | NVIDIA Technical Blog - NVIDIA Developer,https://news.google.com/rss/articles/CBMioAFBVV95cUxQMm9tcGdZZmx1NWE5Y2htcDJXOVQycWpOY29fRDN0RHEwRjNoNm5td0FUUXY5LUdWUy1DRTF3WDdfMm5WVDh6b2UxaDRXYldNaDZKTWtZSENTTS1abVNrMUlRajIyYXQxeHhjNDRQa1Qzel9XOWhGQ0E5VlZkTGozUTkzRFBfVTRpVm50aDRxVnI3bEU0VFdDa0tXWV9hQUNZ?oc=5,2025-10-15 08:00:00,NVIDIA Developer
Successful completion after three years of 6G research in the project “6G-TakeOff” - Deutsche Telekom,https://news.google.com/rss/articles/CBMioAFBVV95cUxPMldublNVajltSFRkZFpVNU0wdGU4bnJnOHFoT3JuMkxMNlhoeHVfZkxEX2FlVWJraEo1NjlzTmJ1dEY4anh4ak8wYUp6MF9wY1pmbFVnSDJWZkxnY1VZRG56RWNZOEFvcHIxakVhUUNUUEJKUUN3WHdvX05BYTN4X2Eyck5NaHNrSFE1OE9nSTJPaERQdEZKY3A0MjduejBL?oc=5,2025-11-26 08:00:00,Deutsche Telekom
Large language models in 6G from standard to on-device networks - Nature,https://news.google.com/rss/articles/CBMiX0FVX3lxTE11S2F2VDlJYmVnSlJWbXN3eVk0WTFDVDEzZExCVGYzUjRadllqNmQzZDQyYUpuMjNObWkzdXhZcmd0VUw0a3VPZ0JHRU1RVFVjQkRCV0xZamdPcTNIVjZr?oc=5,2026-01-06 08:00:00,Nature
Ensure a robust AI-native 6G security posture - Nokia,https://news.google.com/rss/articles/CBMie0FVX3lxTE56alpjRFlfdGxuNjdWNURUbk1fVnZ1NGM5M3F3Uld1RnFqSERwZXBPaVFiNmxUcHM3TXRFWVBnaHdET3pBNEEtdXpVSXRveXhUSVBwaUJQYi1oSGszTnJiRVY4ZTNUTUxjTklNRnNhODVhY1l5V1FOWGFmbw?oc=5,2025-11-27 08:00:00,Nokia
Huawei 5G deal defended by Deutsche Telekom boss as 6G ban looms - Light Reading,https://news.google.com/rss/articles/CBMinAFBVV95cUxQcy1zRDdmTk9hQjZLRXEtY1VjT2FXZjNybmhKdUtKSEJETGxpb2NSYUdOSE5kZU9LWFAyUjZkb2NKV3N6LVhLZmprRUh5dUIzVUZqdFVGY2FsdmZOXzR1THpkR0RJUEN0aV82WHNJMERpR1E3OTVyWjYyYkZtaXVlZ0ZGUzBsdzhWTnpPaVJ0bWEySjU4MVNzZDdxczE?oc=5,2025-11-16 08:00:00,Light Reading
Chinese 6G smart surface could allow stealth jets to use radar as a power source - South China Morning Post,https://news.google.com/rss/articles/CBMiyAFBVV95cUxQbDg1UnRianh3QTZUZnZsUVdSdDgwdjN5SUREcXZrNG5CYmo3WWpreDVQQVQyQV85Q1RZTzE1Yk14TEJZOEZJY0llV3BTbXlfbVFOaGp2MkVISEFvTWlXM00zZ2tURDBRNFRyMVFVWG1tTlhLcGkwN19PY2FmZ3dRYkRuZ3NYZ3Z5dU00dTBIaWhWeGg3TDlCSnpWNzJUM25pZVdqOThtMHVDRzhfWUlnYmtWbWMyOU42T1JyaXQxS2RoQ09ZZlp0UdIByAFBVV95cUxNVjdGN1FrUkdVRTQtaDl0TmR6S3gzejBqbXlMOWRzZmZUY3hiV1lmR1F5YUl3c0dBZVhtdDRENDc5bl84ZkRGZzRaWjBMeU9GSWpoaFZkcHoxY3hXS2I0RnQ2ZGM5Sm52VlVoVzFBU2x1MVFkaGstMWZyVkZCT01GRTZjVU5DZldxWlpoUUtLQ05qejM0MndUVnF1aXNLdFJRejR1d0lVRXQ5YWpqX3ZUQzdPWnVRaXI1c2hlLXBCZ19SR1Ryb3RxVw?oc=5,2025-12-28 08:00:00,South China Morning Post
6G momentum is building - Light Reading,https://news.google.com/rss/articles/CBMiZkFVX3lxTE02T3J1eVItVlRjNXlTblZ2SmpPM0JpVElBczdOWktrTzI0dGhJazVCbWRHN1JMZ2t0d2psejh1Y2lqd0Z4MWxyUHp2ZGxGeFdwOGhIMmVZcHIzR1F0LVNZN2w4S0h4dw?oc=5,2025-10-31 07:00:00,Light Reading
"Congressional leaders want an executive branch strategy on China 6G, tech supply chain - CyberScoop",https://news.google.com/rss/articles/CBMinAFBVV95cUxQYnZwLUt5ejBNWlR4Y2hjZWFYS2hPNHBIcmV4eU9UMVFIQXNPdHVROWpNZzlxNlhUdklLb3JCLWNfdUZxVUVpb2xnS0pzdjFyQTdFeUZ5ZnlDM0lGY3U3akt3alZGd2RYbnNTZU1kWndLTlBCd1pxcy1LMnNMOFRJRjhEbFNvemU0LWlPcW9XZDZ3U0Q1WWZySXR2ZmQ?oc=5,2025-11-05 08:00:00,CyberScoop
Verizon CTO worries whether 6G will measure up in the US - Light Reading,https://news.google.com/rss/articles/CBMikgFBVV95cUxPYlVEVGp1N09RMGhHLUZCR1RYaWt1YnFBdHFkcmctNXFSR1VXNGZ5Q2VvZTB0dkdoX3BHbEVPblBLaEJ3Wi1oQ2xKVDdLWlNkMi11bVkwMGE1Q1lnbGVKSlE4cTk4NktaVFJFVnprb1N6bkQ4Q2h2ZHdiZi1OalBOVmRDaVh2QVhadElwWjRpeFYydw?oc=5,2025-09-24 08:00:00,Light Reading
AI-Driven intrusion detection and prevention systems to safeguard 6G networks from cyber threats - Nature,https://news.google.com/rss/articles/CBMiX0FVX3lxTE1rNGNFd0lmNF9mdHRybEdLNHM4OURXUlZYeHpXTmlfcDA3V1YxODZnaDBURWJocHVsdzBXWEs2aEJFUl83cWwxU2xnOWZzUlNKMTh4LWpBLWpRd0NObVln?oc=5,2025-10-29 07:00:00,Nature
Protecting every carriage of the 6G train - Nokia,https://news.google.com/rss/articles/CBMieEFVX3lxTE53cDVlYzNiVFpRbGdHMUZMTGFkTU11dDV1ZUFlYXdRMnhROVJnclNOdmYyOXBQX01CSTc3WE90QlhaaDNVcUg5eHBaamE1dnBSNnhlNDlFX3daeV9wbUVvQ1JIZURscHJhUk9IWHJMU3FJVnNVc005VA?oc=5,2025-09-01 08:00:00,Nokia
Ultra-Fast 6G Wireless One Step Closer with Breakthrough Terahertz Technology | Newswise - Newswise,https://news.google.com/rss/articles/CBMisAFBVV95cUxNSTNGdFVaSlVhcXdQcnRNaTFCTXJtNm9oNHJxTzdnR2g3TE52dGNPQThkS2syZkpUTUpNRW9zelVINGZlS0Y1b1R2V0FNYWZvRjdGdlJNNFFid3FXVDFfbDdXeElSNWRVWkVTTnhyVzh4MUVNNGlxWE43Qk9PVFR0Z0k3d09naW5vSlZKZ2NuOWpjNHYxYWV1T1lUQTZJd0o3WlUwNDI1X2U5cmxHdmg2dNIBsAFBVV95cUxNSTNGdFVaSlVhcXdQcnRNaTFCTXJtNm9oNHJxTzdnR2g3TE52dGNPQThkS2syZkpUTUpNRW9zelVINGZlS0Y1b1R2V0FNYWZvRjdGdlJNNFFid3FXVDFfbDdXeElSNWRVWkVTTnhyVzh4MUVNNGlxWE43Qk9PVFR0Z0k3d09naW5vSlZKZ2NuOWpjNHYxYWV1T1lUQTZJd0o3WlUwNDI1X2U5cmxHdmg2dA?oc=5,2026-01-29 02:10:00,Newswise
Brooklyn 6G Summit 2025 - Nokia,https://news.google.com/rss/articles/CBMiXEFVX3lxTE1fVVJsaXQyRldvUE83VVZlOTlTVUZoaEl0SkZHcF9FU0dacDFCaEYyZDJ5eTI1ODdtSmUwdjVTcExYR1FnbnZFckhvc1NDQmNyRUlOUlNHQkdQak5J?oc=5,2025-06-24 17:14:06,Nokia
China launches 'second phase' of 6G trials for a standard that doesn't exist - SDxCentral,https://news.google.com/rss/articles/CBMiqgFBVV95cUxPMjdvVUIwS2NMbFlXRG9IYlVaZmZKSVRmQVhxMW5za09VRUxyeENleVVIR0hpNjMzc09GbEtQdTcyTURDb0FRMDJycHBLMWtyNUVkNC1sT2l2eElDQ1cyOXdKYlROZHlhYVBHSUJmaDF4Z1BBd0ZCR01MN3k5bFVKSjl4MUlfYVNTOEVRQkdWWVNFU0VpcmpUVGtlMVpiV0dlY015RmxVSEI5UQ?oc=5,2026-01-21 08:00:00,SDxCentral
Optimizing FBS 3D positions for sum rate maximization in downlink NOMA 6G network - Nature,https://news.google.com/rss/articles/CBMiX0FVX3lxTE0yS3ZjQlU1LXpzZWFDZkFMVW11LW84RWpPUFBlNnFBbWh6NmRldWotaGlCNExiZnp2TURiWldKU1d2cXNlS3F1VUFkLWtGVW9fX3lYU3dIUkdzSVFVY05B?oc=5,2025-11-06 08:00:00,Nature
Winning the 6G Race (Trump EO Tracker) - akingump.com,https://news.google.com/rss/articles/CBMilwFBVV95cUxPSkx5QUlNS1o4eWdyM2VPOE52dzViUUp3LWN0TlJlbUZDeTR6aEN2UGlzTlJyMXczNUZuaXdDLWpUSHZmRFRYX3VXZkFZbmJ6VnZfNTN4MUJHdjRyU0RoaG5LWk1GaEwzVTNFNkZqZk9mNjhUbk1LbWNyNG9sN0lXa1NDejdyWmluOTRmMmdOZ1NBMDR0RmVr?oc=5,2025-12-19 08:00:00,akingump.com
BRIN develops antennas for 6G communication network technology - ANTARA News,https://news.google.com/rss/articles/CBMiogFBVV95cUxOUWV2LXBqZzdBY085TlMtcjdIbUFNNm9ZbEliMnZJcFBJbDlPYUhfTk1TVlRvV3F6QjVJd2dvd3dDN2Y3VUF4djN5Y2lzSVVlMnlhbWlpMEY3Y1hYamxFREVJZmxvc25qajd5empib2NiU2VqV0RGbHY1QnJ5NHhvbklOcU1MZ1lVZ2JfNkhnTVQxemloV3paSTg4TTk1WmF3UnfSAacBQVVfeXFMUG9aSGZPZU5OOUMxdVE1ZUtXQjZNM21GaURJcWtKeGJWR0VkTXBGRE9oUWk5S3FkOWtvcjV6Y015WjBRelJ6eXRqd3VHUzdTZ093bGRpdWQ0bUV6bldGeGNNQjk0Uk00Ui0zeVh2R2M1NnJmQmQ2eWFPRG5UbGdjeHpoMU1sZVBJS3MzbXdtLUpTRmQ2eGdwT0FXUzYweGgtM2d0cWhvYlE?oc=5,2026-02-13 06:15:19,ANTARA News
China's 5G-for-drones and 6G appetite is the envy of Ericsson - Light Reading,https://news.google.com/rss/articles/CBMimAFBVV95cUxQdS1ya09yQ1ZJOGxWcUVaYnhQT3hTZmxfa2d1N0gxYm9xbTdncE0wU0dfWk9LYjRFNW5XV0Zyb1RoRnQ4OWgxTGlvSUVKZlNPTExLdV8tVW5jYWhkekhvMjh5RndFeVVzcjhxQjB1al9DbGUwR080SUswY01TaDg0U3dZOXhmaVM2ODN6bFBkc0t6Z1cyYkhEaQ?oc=5,2025-10-21 08:00:00,Light Reading
"NVIDIA, Booz Allen launch AI-ready wireless stack for 6G - Nextgov/FCW",https://news.google.com/rss/articles/CBMitgFBVV95cUxPaWRkN05qUFF3d3d0Q01nQ3dGMWsxUGgtdk1sbHgwNWRNNnE2Q3ozb3F1clRyWlBCQW5Ga0J3SnJSRVJoYXZsdUF6OExpaVpreXR2WElvbE1hLW5UMU5kUEhYcWRITkJGUjA4ejdSM3ZDZHZMVEpmYnNpczJlWkJ0ekVmWndrUU1CUUZoZ2l4SUN5M3Q3X3hUMTlDNVdFVXo2bVNjQVZFZnlCdUpNTFRjLTJGdDEtdw?oc=5,2025-10-28 07:00:00,Nextgov/FCW
Nokia shows off 6G radio research at Brooklyn summit - Fierce Network,https://news.google.com/rss/articles/CBMijgFBVV95cUxOZ2VvMEVJQml0YWtXZk5aN1piVk1GN3M5NVdaajdnYkxYZkRxUGx5VGQxZ1NhYlNyLTMxR3FlS0lIUHNEZ29RcXhkRTV5T25jWlRSZGp2bi1CaHRBa0RaSEFIY0dlUXhwcEY4cTlxa2Y2UDR0YWVNWi04dUd6Nnc0bjVIWS1jV081T0Y0cUlR?oc=5,2025-11-06 08:00:00,Fierce Network
6G radio testing? 7 GHz does it! - Fierce Network,https://news.google.com/rss/articles/CBMiekFVX3lxTE9zMlVNMWcxbTBMMmRPZURyTFhJMkVKNkVVNDNnYWpvd0NKY1ZlWHRMbjI3YzJuX2ZPS3FZcTh1VVlfQ1FoU3drOEpGR0hLTVAtTWJNUjVfUml0b3JYUElKQmd3cGRfZmN2U002R0hjSDVqeFFtVUJqRENR?oc=5,2025-11-13 08:00:00,Fierce Network
VARNet-6G with FIERO model for anomaly detection and enhancing network stability in future-ready communication systems - Nature,https://news.google.com/rss/articles/CBMiX0FVX3lxTFBPODdPTzlTTEk4R05rdWVtOFFVNzg2Si1mMzN0MzNFY3NrQmd5bEs4TnVMcUd1YzNiWmY1amJiRGxYcVF0MmlzTi11SFZoMUtQeGs0MnZ0anh2Z28za3lV?oc=5,2025-10-02 08:00:00,Nature
Photonic processor could streamline 6G wireless signal processing - MIT News,https://news.google.com/rss/articles/CBMinAFBVV95cUxQR295TFZ6THo3RDYwZV9wQnA2YW9iZkpieS0wRXdBVmVMNHQ5Z3VQM2Q4LXZvTXQxOUh5cHVkbkVHS0dtNTR5MWU1RXZ6X1MyWVFQZ0JBQW5zMEVyS3F2MDJPX3p2cTJ1VXJBNWcxVEFrT0pfbnlqRkRtR0JGTXR6TmhBZlZweXRtaHlqcC1sMzZmX2xyWG1teHp6MUg?oc=5,2025-06-11 08:00:00,MIT News
ETSI sets new course for 6G sensing studies - Light Reading,https://news.google.com/rss/articles/CBMigAFBVV95cUxNNld2RWc1TFpBWGpIY2V0NXdDQnYtOFp0VzM4Nk05TzZwUWZjQy1HbUg1alRkX2p3dkg5bHFhVEpVRVpEbXFJYk42d2drRklENE0zZnhuVHhIN2RtQXc0T0tGQlVMR1JNTnB5S0ZHcF94R1dId1FuQy1XMk0xdjNPNA?oc=5,2025-11-04 08:00:00,Light Reading
InterDigital’s Atle Monrad Re-Elected to Chair 3GPP SA6 - citybiz,https://news.google.com/rss/articles/CBMimAFBVV95cUxOY19ZWk5LOUd6NWlyZHpHcWVsczBsaTdVNFpucG1LeWRNRGh6NTZJdndoZl9KX3YyWjJhTFptWDl1WlFMR2I5MnU4NU5aenJ1TmRkWDBjT241VERtMTJDN0U0cVppYXI2dVB3LVc1M0FobmRLUzB4Qkp0YTZaQnNqQWlLZVc2VEZWMVRwR2F4ZEx6VGlORUNfQg?oc=5,2026-02-12 13:12:27,citybiz
"Nvidia takes $1B stake in Nokia, which promises 5G and 6G overhaul - Light Reading",https://news.google.com/rss/articles/CBMinAFBVV95cUxNQ2VoSDh1bW1td21pU1hhbklsZzduRU1wVTQ3WXlFbF93dS05bmZ4SGpNak1SUjJpdnhadUZQaHplSjM5WFZuSXVIRmF3TkM5S004SGdWVEdyY21UanpSMGdNTmN4ajhIR2dfcGt0c0N4ejFZaWtEeTZfaW90eHY5czd4X1hDekxibEhRRmJoX1FNY3R2bURub0N1Wng?oc=5,2025-10-28 07:00:00,Light Reading
6G: Your passport to the immersive experience revolution - Nokia,https://news.google.com/rss/articles/CBMiiwFBVV95cUxQaXJ3ODBSR0V1X0FCbFFtZGdISXhQTHRqUF94bkNPd21vS251bXRsNUJwNzNGdjNUWHhfbGNDdGdrQjNsOHdpOGNOSFc0ZlNYU0htaVVBUllGUDFQVVZuUnJjeE9MWUhqNF8wT2dNaUcxMGM2RTkyMnBZUjBuTDNOVkxqVlFCQXJ5MWs4?oc=5,2025-10-27 07:00:00,Nokia
6G capex ramp to begin around 2030: Dell’Oro - RCR Wireless News,https://news.google.com/rss/articles/CBMia0FVX3lxTE1tWmhYSzIxcHlGMHRfZjJPMWhORl9GQzVmQU1lTzlUZDNUZnpUOXh2S3BJNy1PeHNrQTRTVWF4VkZyUTNkVm9mOU1IdWMyd3NzNzNhbS1rYVR1aTA4T1Z1QnNya1RpbDB2VTc0?oc=5,2025-11-04 08:00:00,RCR Wireless News
"Samsung Electronics and KT Corporation Successfully Validate AI-RAN on Commercial Networks, Accelerating 6G Development - samsung.com",https://news.google.com/rss/articles/CBMi5AFBVV95cUxPY244Nm5oMnN4WVFhaDh0UF9YTVAwWVpkRTJuWW16Ym9PcW5QYndBckpyYWVhZ21jb1VnWmVFX0tZbHhNbE94WGU0blR4NTBJcUo5OHZkdGRxZ055OEU1clBtUmNtaWNoc2FRcnZsMWdjNVp5MVhVV19UYUdaRE9LTGU0OURpRHdfT3diUjEwTHJfWTJtRE5hN2wzLVdpU0VhbThoaTlORHFPZVF2Z3ladEd4TEVEQVlxdktZY1oxZ0owazNtcHNNa2N6SFczN0hoVkpqV0hDaFIyemxHa1ZCaHJrZEY?oc=5,2025-12-11 08:00:00,samsung.com
The promise of 6G for Nvidia - Fierce Network,https://news.google.com/rss/articles/CBMiaEFVX3lxTE1jUmY2MkFSUnh3ZWJtbHJkbFZLTEpFRVVyWWRsVFcteTRvRE9tbTdmdkNMSHZ4NDA5VXhaRGFNQ1V5OXBlemhzOWdFclBJZ2ZhTVJUTzBvSEwzWkxReW53cHNiVWhYd0dC?oc=5,2025-11-12 08:00:00,Fierce Network
Brooklyn 6G Summit 2025 highlights - Nokia,https://news.google.com/rss/articles/CBMibEFVX3lxTE9CVDVvaXFMa2p6WDRDbkxBcUkyUzI4bEVYdE1JZDlXaVhWcUpmVXV3N2V6dGRCSlMxZUtkRnBQeU90RDhXRjYyU3VDVnFGRVRsbUZTYlg0VnJBWUlHY0wtUzZEOUVYaHdFU24xdA?oc=5,2025-11-10 19:06:21,Nokia
The modeling of the interaction of pulsed 5G/6G signals and the fine structure of human skin - Nature,https://news.google.com/rss/articles/CBMiX0FVX3lxTFByVS1YUzkwUl9ZQUpxSkhldl9JX2lkc1VqLTJTTVhVNnQ3Tzh4WjNUU2ZoSm5kYjNncGxFX2s3QzFseGRVeG5GWWppUTUxMm91bmljR1VoakwzWVNKTWw4?oc=5,2025-08-05 08:00:00,Nature
White House Issues Memorandum to Advance 6G - ExecutiveGov,https://news.google.com/rss/articles/CBMifEFVX3lxTFB2MFp2aWJKbFBObjdtbmg3NUJaZ0xIeHRUbmFaQTQ1VWNlR3lSTDVjcmd2ZnBtX2p1QTNPd3hvN0xNTVVZZG1OMGtOWDJIdTNVN1hRY2hJYkpsNjhJNGVfME1Ta0l6MlAzWmhNTFdESm9aVTY4Z20xZGRuVTE?oc=5,2025-12-22 08:00:00,ExecutiveGov
Germany to ban China’s Huawei from future 6G network - South China Morning Post,https://news.google.com/rss/articles/CBMinwFBVV95cUxOOEhoQ2VTNzlxWVl6VERQVENUSlZ4djhxTDRNZl9NelAxY194eVFUTERJdnFCMHluNG13ZTBfYnFpREFHRS1ZalJyNnV4OHlYMVhHclBseW5IN1FWVTNVV3NuS1dBSkt0R1FuNlMweW9CakhkdmFOOHZMQVh2VFp1Y2V1aGNXSzJoV2pqY0pyakUxSlQwVnNlSzhJZUtaV1U?oc=5,2025-11-14 08:00:00,South China Morning Post
Non-terrestrial networks: The future of 6G connectivity - EurekAlert!,https://news.google.com/rss/articles/CBMiXEFVX3lxTE51cWxvWUd1Wkp0V01VQi1TckRheHJvMGk1QXJ3NkljVnFrU3NYSHJ5UXZlUnhObTRLeDJrY0NfOU9jdHFQX3VoSEZYU05teXVwTVZiYzN4b1hKQU5x?oc=5,2025-10-24 08:00:00,EurekAlert!
How does 6G keep up with AI? It’s complicated - Fierce Network,https://news.google.com/rss/articles/CBMigAFBVV95cUxPaUlubXR4Sm1KRjVxQ3JDbmNwM0JOSVZoNDBfeDE2Zi1DTFFDdG5hT2JMZzcteXBzT1J3Q3UzX3NuaUpGUXFqa0VIQzkxaElkV2luZEEzejFnc2JaSEM1T1hRSVRlMkhFdzZIRDc5N2REN2hTeEJ3ZWVrbjhxa3ljVw?oc=5,2025-12-12 08:00:00,Fierce Network
An ultra-fast quantum tunneling device for the 6G terahertz era - Phys.org,https://news.google.com/rss/articles/CBMiekFVX3lxTE1FdGJ5LTdnLUtTcWtVNkQxT3pWTTdhb2hmYlFUN3o0WkRLMUtBOEd1VTVTbTJlMjVHZFdVWW52Ujl5MGQ5ZmstTVZCWU9OOXhyMHZ2bDlHeTljVFU2ZENFZ2pvRWotcWNtblBsSGxOZkYwNUtfcHZycEhB?oc=5,2026-01-09 08:00:00,Phys.org
Dean Bubley: Winning in 6G Will Not Require More Spectrum - Broadband Breakfast,https://news.google.com/rss/articles/CBMikgFBVV95cUxPM0ZJdGEtUG5vWGtGa3VCR3dSNGZtT0JDZXp5amdDdU9sbV85MFVhYlI2R0RDMk1vb3NsX1JRWGU5X09Gc2RqOFZ1UVFUUHpHWm9xOXJTNnZHamZPUmp5UVY1VWtZV1N2VzBMaVRVYXNia1RSWXI1Y2FMM2gxaW9keGtIeFBsb1ZfMFdqdEVIZ2p3UQ?oc=5,2026-01-15 08:00:00,Broadband Breakfast
"Nokia, Ericsson and Fraunhofer HHI join forces to drive 6G-era video coding standardization - Nokia",https://news.google.com/rss/articles/CBMivwFBVV95cUxQTVltUTUzLWVzdXp0ekdEQ3JWWmpjREhhbHRaeTIta192QllXczZPY0ZHdTRiaDNQRl9mTjhIVWJuSnB3S0haVUZqUnM1VHdHa25qbHlTbDZaSmpHYmc4aEJ0TC1wWHNXY1lPbjktblNHR1Nqb3hESER6MW44dWh4eExOM1VKTlVFRnhURjZadmJmUmowZkE4Q2pvOGhLcEVrcVZnLUFzS1dLWlRZR21oeFl5Y0RaUGUtM19QZ3FHRQ?oc=5,2025-10-27 07:00:00,Nokia
Satellite communication systems: the future of 5G/6G connectivity - EurekAlert!,https://news.google.com/rss/articles/CBMiXEFVX3lxTE9BcW41aEZ2b1FxRE5uYURKaE9lelhCb3FIdi1BRDFFY01oSVF5RHRNWXB3d1ZvTVduRHBmTXBnbGlJdldjSi1fQ2MwcTBIanlYNDRqTl9zeFhqY3dC?oc=5,2025-12-30 08:00:00,EurekAlert!
Empowering next-generation user experiences and services at scale with 6G - RCR Wireless News,https://news.google.com/rss/articles/CBMiaEFVX3lxTE9xVnhCbHNxaWR0OENsQUhpdmJsVXhpdlk5VXhRWWptQmVSc05YR1p3VS1TcXY5SmtrQ0lqczhYWThzSUQzbHFJTWpVS3A5Zkp4ckhmU1JZLUgwNDJZaHZ5YmxRYTg4SnNr?oc=5,2025-09-05 08:00:00,RCR Wireless News
Nvidia’s 6G path will save us from 3GPP’s technology tyranny - SDxCentral,https://news.google.com/rss/articles/CBMiogFBVV95cUxPTDJ2T1Y5X3dpX0tHR2tPT19lbXpaQUpyTUxyVThsc2gyNVg5cTc3aUF1R2prZjV1c0dVb3piaUdlNWhwZFZtSXA2aVFZa0pvQ0dBa3pIcllOZmk4enZPZ1BtUFNWZ2hVc3ppejZEdlNxUjMydFhUVjl4eWdQd0JEdDh5OVlJdjBkaThBWmdQX01DcXRNZm4xcHJoYm9iaHBoTGc?oc=5,2025-10-29 07:00:00,SDxCentral
Keysight and KT SAT Pioneer 6G Connectivity with First Successful Multi-Orbit Satellite Handover - news.satnews.com,https://news.google.com/rss/articles/CBMizgFBVV95cUxNODNCNmhNUmZILV9jMkJUS0wzNjI3RzZMMWZEZXpEVEZlYjJIMkVJdW41c3lzQXZpQVpnT0lMeHgzcmNUWFFYRERRQWlob09wdXVWMHE3V3AwZVBvMWlCWWlCV1F6ZGZhWldRZmRMQ1BGSTBKdzlvdVlQQWpHOGY1SERGNmZYQmdla25Nc3k3eDBLZ2Fhd3hxMjlZUHplSGU2bXhzSlZGNFctT290WDJnQ1V6Vkc4WEFQclZyZE9rTW5oRFZrNXVwMnRjakdZQQ?oc=5,2025-12-13 08:00:00,news.satnews.com
Verizon says 5G SA will be crucial to rolling out 6G - Fierce Network,https://news.google.com/rss/articles/CBMikwFBVV95cUxOUzBnTkRTajJEb0NyV1BSb0ptcV9jU2VaR2FLdW5OeHUwcmxuZ285RnV1em51TS1VWFprUmt3N0pMeHRFV2dHa0FVRmlXVmUxVTRVRDFWV3o0czhoRU8xUGZlYU55Wjg2aHRKR19ZaUlCTDYwTzduLXJsSnJXa281NkNmOWs4MkhDM0JNTDlYV2QtQXc?oc=5,2025-10-15 08:00:00,Fierce Network
